{"cameraMode":{"drawMode":0,"name":"Shaded","section":"Shading Mode"},"sceneLighting":true,"audioPlay":false,"sceneViewState":{"m_AlwaysRefresh":false,"showFog":true,"showSkybox":true,"showFlares":true,"showImageEffects":true,"showParticleSystems":true,"showVisualEffectGraphs":true,"m_FxEnabled":true},"in2DMode":false,"pivot":{"x":2.0269484519958498,"y":-0.407304048538208,"z":-0.5992050170898438},"rotation":{"x":-0.02839020825922489,"y":0.9689552783966065,"z":-0.13339586555957795,"w":-0.2062208205461502},"size":5.6036224365234379,"orthographic":false}